Year,RMSE
sub_ts_2030,0.36036038044166163
sub_ts_2031,0.3846367521372541
sub_ts_2032,0.28556727391478554
sub_ts_2033,0.4418175646201543
sub_ts_2034,0.5547520591068433
sub_ts_2035,0.3009502202076862
sub_ts_2036,0.3600000236644306
sub_ts_2037,0.4095249670163692
sub_ts_2038,0.5727343381222502
sub_ts_2039,0.35765182086613
sub_ts_2040,0.5433039137075911
