Year,JSD
sub_ts_2030,0.02085194690556939
sub_ts_2031,0.015902866280772494
sub_ts_2032,0.02399292947138069
sub_ts_2033,0.028361501964804848
sub_ts_2034,0.03466185141596703
sub_ts_2035,0.018987283180264214
sub_ts_2036,0.006834662467115688
sub_ts_2037,0.014255926540756978
sub_ts_2038,0.04620244842761851
sub_ts_2039,0.011870268750493625
sub_ts_2040,0.03647146693807996
