Year,RMSE
sub_ts_2030,0.42376347128515823
sub_ts_2031,0.2554048025295932
sub_ts_2032,0.7456869660004496
sub_ts_2033,0.5608221263778099
sub_ts_2034,0.0
sub_ts_2035,1.0
sub_ts_2036,0.9148389969142792
sub_ts_2037,0.4012067189453973
sub_ts_2038,0.10688918216463472
sub_ts_2039,0.6139273403788204
sub_ts_2040,0.1571524415403749
