Year,RMSE
sub_ts_2030,0.8885165507071291
sub_ts_2031,1.0
sub_ts_2032,0.7405983454863239
sub_ts_2033,0.9900386480807827
sub_ts_2034,0.0
sub_ts_2035,0.7030885647333035
sub_ts_2036,0.5921221015182413
sub_ts_2037,0.6898966504531107
sub_ts_2038,0.4599114838017828
sub_ts_2039,0.8737564073285137
sub_ts_2040,0.7732371830682342
