Year,RMSE
sub_ts_2030,0.4082109422952096
sub_ts_2031,0.22405325387781228
sub_ts_2032,0.5981867251343296
sub_ts_2033,0.6318677330699094
sub_ts_2034,0.0
sub_ts_2035,1.0
sub_ts_2036,0.8331917449568012
sub_ts_2037,0.372082089092036
sub_ts_2038,0.10130157944258655
sub_ts_2039,0.5848473917538888
sub_ts_2040,0.2513376058800646
