Year,RMSE
sub_ts_2030,0.8761407933547285
sub_ts_2031,0.9637774629052094
sub_ts_2032,0.6396661406322648
sub_ts_2033,1.0
sub_ts_2034,0.0
sub_ts_2035,0.6893764597907169
sub_ts_2036,0.6934485770585559
sub_ts_2037,0.6696113113299854
sub_ts_2038,0.3710718521837426
sub_ts_2039,0.6319313441177961
sub_ts_2040,0.7861463796369675
