Year,RMSE
sub_ts_2030,0.86661807248194
sub_ts_2031,1.0
sub_ts_2032,0.6707798475802205
sub_ts_2033,0.9159341645463673
sub_ts_2034,0.0
sub_ts_2035,0.6256746347826548
sub_ts_2036,0.6159111388363208
sub_ts_2037,0.6723993189854851
sub_ts_2038,0.42668410400598344
sub_ts_2039,0.6755319048323675
sub_ts_2040,0.7271399903000686
