Year,JSD
sub_ts_2030,0.5018377486682251
sub_ts_2031,0.4771243599142342
sub_ts_2032,0.4785108622691423
sub_ts_2033,0.7438614453423488
sub_ts_2034,0.0
sub_ts_2035,0.5228922995783634
sub_ts_2036,0.6876746785826096
sub_ts_2037,0.5033989597436677
sub_ts_2038,0.44556437539106775
sub_ts_2039,0.9022088942887727
sub_ts_2040,1.0
