Year,JSD
sub_ts_2030,0.643940239552282
sub_ts_2031,0.7696542085766573
sub_ts_2032,0.564154635938134
sub_ts_2033,0.4531864321939072
sub_ts_2034,0.29314823605345774
sub_ts_2035,0.6913054565643814
sub_ts_2036,1.0
sub_ts_2037,0.8114889142842083
sub_ts_2038,0.0
sub_ts_2039,0.8720881512506152
sub_ts_2040,0.24718132483501987
