Year,RMSE
sub_ts_2030,0.7395484515841217
sub_ts_2031,0.655011000318283
sub_ts_2032,1.0
sub_ts_2033,0.45589062890413734
sub_ts_2034,0.06261957326142209
sub_ts_2035,0.9464320661725076
sub_ts_2036,0.7408033196457691
sub_ts_2037,0.568342931513796
sub_ts_2038,0.0
sub_ts_2039,0.7489804509779476
sub_ts_2040,0.10248537552829162
