Year,RMSE
sub_ts_2030,0.3510039174301477
sub_ts_2031,0.39284447543885814
sub_ts_2032,0.3078414905424117
sub_ts_2033,0.3001891781223817
sub_ts_2034,0.44374929101553606
sub_ts_2035,0.21654966460690142
sub_ts_2036,0.2544484378345924
sub_ts_2037,0.3592123793804811
sub_ts_2038,0.4207336100115757
sub_ts_2039,0.3108721821029881
sub_ts_2040,0.38664548085714473
