Year,RMSE
sub_ts_2030,0.3592891549562996
sub_ts_2031,0.40330194147881204
sub_ts_2032,0.2751310290087937
sub_ts_2033,0.3234589041456704
sub_ts_2034,0.47007056785040685
sub_ts_2035,0.20864781577095642
sub_ts_2036,0.23091083956747213
sub_ts_2037,0.36518600323093453
sub_ts_2038,0.4421273036814063
sub_ts_2039,0.3095759929517581
sub_ts_2040,0.42898734408691713
