Year,RMSE
sub_ts_2030,0.24457264624822503
sub_ts_2031,0.18301135332833512
sub_ts_2032,0.4106867334111478
sub_ts_2033,0.1575664542029809
sub_ts_2034,0.8600268881247553
sub_ts_2035,0.3757672010447116
sub_ts_2036,0.37290669978176516
sub_ts_2037,0.3896514358089654
sub_ts_2038,0.5993635938236069
sub_ts_2039,0.41612012192699815
sub_ts_2040,0.3077901611589391
