Year,RMSE
sub_ts_2030,0.23201668273471165
sub_ts_2031,0.12753132100274409
sub_ts_2032,0.38542747946376615
sub_ts_2033,0.1933846895221303
sub_ts_2034,0.9108860353647794
sub_ts_2035,0.420760860551042
sub_ts_2036,0.4284091411292574
sub_ts_2037,0.3841588589036776
sub_ts_2038,0.5766410309483513
sub_ts_2039,0.38170493301237857
sub_ts_2040,0.341277495962056
