Year,RMSE
sub_ts_2030,0.3306145693090045
sub_ts_2031,0.25117721172403973
sub_ts_2032,0.43601345529595553
sub_ts_2033,0.2582751574680555
sub_ts_2034,0.9637256490824873
sub_ts_2035,0.46274099095717813
sub_ts_2036,0.5418099709202643
sub_ts_2037,0.47214086886329615
sub_ts_2038,0.6360164399763218
sub_ts_2039,0.34113188640862363
sub_ts_2040,0.41275670257976915
