Year,JSD
sub_ts_2030,0.36756922163833
sub_ts_2031,0.38454041062933925
sub_ts_2032,0.38358827113378646
sub_ts_2033,0.2013666042050592
sub_ts_2034,0.7121914569882144
sub_ts_2035,0.35311063135054205
sub_ts_2036,0.23995120492353833
sub_ts_2037,0.3664971060948105
sub_ts_2038,0.4062132968218283
sub_ts_2039,0.09262617572456713
sub_ts_2040,0.02547102540561336
